Col0,One-stop solution and fruitful business trip in Asia,Col2,Col3
A,the 2nd Korea Offshore Wind and Hydrogen Summit(KOWHS),"October.23-24,2023,Hotel Naru
Seoul MGallery, South Korea","BUiM
Group,
organizer"
B,the 2nd Japan Offshore Wind and Hydrogen Summit(JOWHS),"Feb. 26-27,2024,TOKYO,Japan","BUiM
Group,
organizer"
C,"the 7th Vietnam Onshore Offshore Wind and Energy Storage
Summit (VOOWESS)","April.16-17,2024,Hanoi,Vietnam","BUiM
Group,
organizer"
D,"the 2nd Philippines Onshore Offshore Wind and Energy
Storage Summit(POOWESS)","June 6-7,2024, Manila, the
Philippines","BUiM
Group,
organizer"
E,6TH OFFSHORE WIND ASIA SUMMIT (OWAS),"Nov.16-17,2023,Shanghai,China","BUiM
Group, co-
organizer"
